case,seed,layout,noise,policy,source_count,cleared,success,error,virtual_time_s,wall_time_s,planning_s,checking_s,actions,measure_count,scan_position_count,failed_clears,cleared_ratio,average_localization_clear_s,fallback,policy_stats,move_s,switch_s,measure_s,clear_s
uniform_smooth_94100,94100,uniform,smooth,committed_base,16,16,True,,3578.204431889661,0.9239311999990605,0.8325759000363178,0.08109160003368743,174,158,33,0,1.0,223.6377769931038,False,{},2573.2044318896606,135.0,790.0,80.0
uniform_smooth_94100,94100,uniform,smooth,completion,16,16,True,,3722.5630615513123,2.3879270999968867,2.3174258000362897,0.06209209989901865,139,123,23,0,1.0,232.66019134695702,False,{},2912.5630615513123,115.0,615.0,80.0
uniform_smooth_94100,94100,uniform,smooth,configured,16,16,True,,3738.3467409656,2.3649198000057368,2.290811700069753,0.0650424999621464,138,122,22,0,1.0,233.64667131035,False,{},2933.3467409656,115.0,610.0,80.0
uniform_biased_94101,94101,uniform,biased,completion,10,10,True,,4730.282912428021,0.940737299999455,0.895042999945872,0.03645210000104271,187,174,24,3,1.0,473.0282912428021,False,{},3640.2829124280197,161.0,870.0,59.0
uniform_biased_94101,94101,uniform,biased,configured,10,10,True,,4651.550099678463,1.0810493999961182,1.0343603000364965,0.03876679999666521,179,164,25,5,1.0,465.1550099678463,False,{},3615.550099678464,151.0,820.0,65.0
uniform_biased_94101,94101,uniform,biased,committed_base,10,10,True,,4670.4722704603755,0.7140947999942,0.634447399956116,0.06839409998792689,247,237,53,0,1.0,467.04722704603756,False,{},3235.472270460375,200.0,1185.0,50.0
uniform_hashed_94102,94102,uniform,hashed,configured,11,11,True,,4790.502389106852,1.0707696999961627,1.0132269000459928,0.04741870001453208,177,164,28,2,1.0,435.50021719153204,False,{},3763.5023891068513,146.0,820.0,61.0
uniform_hashed_94102,94102,uniform,hashed,committed_base,11,11,True,,4747.555490957179,0.3421318999971845,0.2848942999917199,0.04841630002920283,188,177,28,0,1.0,431.5959537233799,False,{},3645.555490957179,162.0,885.0,55.0
uniform_hashed_94102,94102,uniform,hashed,completion,11,11,True,,4250.722369572054,1.5450073000029079,1.4891902999734157,0.0463168999995105,184,169,27,4,1.0,386.4293063247322,False,{},3181.722369572054,157.0,845.0,67.0
edge_smooth_94103,94103,edge,smooth,committed_base,12,12,True,,5436.858109833254,0.31535299999814015,0.23720600010710768,0.06845019992761081,213,201,73,0,1.0,453.07150915277117,False,{},4230.8581098332525,141.0,1005.0,60.0
edge_smooth_94103,94103,edge,smooth,completion,12,12,True,,4613.136208025496,0.3988076000023284,0.3510884999850532,0.03997100000560749,148,136,27,0,1.0,384.428017335458,False,{},3742.136208025497,131.0,680.0,60.0
edge_smooth_94103,94103,edge,smooth,configured,12,12,True,,4640.710539773575,0.3936433999988367,0.3432305000242195,0.041280799960077275,153,141,29,0,1.0,386.7258783144646,False,{},3742.7105397735754,133.0,705.0,60.0
edge_biased_94104,94104,edge,biased,completion,13,13,True,,4685.777835817919,0.4229787000003853,0.3694684999791207,0.04505220003193244,150,137,25,0,1.0,360.44444890907073,False,{},3807.7778358179203,128.0,685.0,65.0
edge_biased_94104,94104,edge,biased,configured,13,13,True,,4690.979046278003,0.42488220000086585,0.37187720002111746,0.04393850002088584,151,138,26,0,1.0,360.8445420213848,False,{},3807.979046278004,128.0,690.0,65.0
edge_biased_94104,94104,edge,biased,committed_base,13,13,True,,5161.798677684315,0.17201899999781745,0.10951670000213198,0.05388809998839861,172,159,35,0,1.0,397.06143674494734,False,{},4160.7986776843145,141.0,795.0,65.0
edge_hashed_94105,94105,edge,hashed,configured,14,14,True,,4790.110481876242,0.4078594999955385,0.35275140004523564,0.04688949997216696,161,145,28,2,1.0,342.1507487054459,False,{},3853.1104818762424,136.0,725.0,76.0
edge_hashed_94105,94105,edge,hashed,committed_base,14,14,True,,5480.620608578256,0.13014549999934388,0.07125939997058595,0.05145419995824341,172,158,32,0,1.0,391.4729006127326,False,{},4477.620608578255,143.0,790.0,70.0
edge_hashed_94105,94105,edge,hashed,completion,14,14,True,,4757.482797194313,0.4048123000029591,0.3484474999640952,0.04766139999264851,162,146,27,2,1.0,339.8201997995938,False,{},3813.4827971943146,138.0,730.0,76.0
cluster_smooth_94106,94106,cluster,smooth,committed_base,15,15,True,,3231.7608220198913,0.6113401000038721,0.5528378000017256,0.051540200009185355,109,94,18,0,1.0,215.45072146799276,False,{},2598.7608220198913,88.0,470.0,75.0
cluster_smooth_94106,94106,cluster,smooth,completion,15,15,True,,3255.0703432281525,2.43829750000441,2.3846041000360856,0.04754910003248369,120,105,15,0,1.0,217.0046895485435,False,{},2557.0703432281525,98.0,525.0,75.0
cluster_smooth_94106,94106,cluster,smooth,configured,15,15,True,,3299.6408112223044,2.1413002999979653,2.0903235999139724,0.04496059996745316,118,103,15,0,1.0,219.97605408148695,False,{},2614.6408112223044,95.0,515.0,75.0
cluster_biased_94107,94107,cluster,biased,completion,16,16,True,,1317.66701874212,3.569620300004317,3.4995317999637336,0.06489330001932103,89,73,12,0,1.0,82.3541886713825,False,{},804.6670187421201,68.0,365.0,80.0
cluster_biased_94107,94107,cluster,biased,configured,16,16,True,,1330.9974331739695,3.5765473999999813,3.499132700046175,0.06619600002886727,90,74,10,0,1.0,83.1873395733731,False,{},811.9974331739696,69.0,370.0,80.0
cluster_biased_94107,94107,cluster,biased,committed_base,16,16,True,,1337.356724680995,1.6267125999947893,1.55200949999562,0.0692668999399757,89,73,13,0,1.0,83.58479529256219,False,{},822.3567246809946,70.0,365.0,80.0
cluster_hashed_94108,94108,cluster,hashed,configured,10,10,True,,3412.0537652417815,1.837959000004048,1.7849882999653346,0.04425749999791151,153,143,15,0,1.0,341.2053765241782,False,{},2510.0537652417815,137.0,715.0,50.0
cluster_hashed_94108,94108,cluster,hashed,committed_base,10,10,True,,3254.897166513929,0.34442249999847263,0.2974157999706222,0.04081869993387954,136,126,17,0,1.0,325.4897166513929,False,{},2455.897166513929,119.0,630.0,50.0
cluster_hashed_94108,94108,cluster,hashed,completion,10,10,True,,3406.0537652417815,1.824404399994819,1.7721368000056827,0.04420549998030765,152,142,15,0,1.0,340.60537652417815,False,{},2510.0537652417815,136.0,710.0,50.0
line_smooth_94109,94109,line,smooth,committed_base,11,11,True,,3802.486812281177,0.394662699996843,0.3432095999378362,0.0446609999780776,154,143,25,0,1.0,345.68061929828883,False,{},2905.4868122811777,127.0,715.0,55.0
line_smooth_94109,94109,line,smooth,completion,11,11,True,,4374.267227809423,3.025383000000147,2.9564938999828883,0.06017170004633954,182,169,25,2,1.0,397.66065707358393,False,{},3313.2672278094237,155.0,845.0,61.0
line_smooth_94109,94109,line,smooth,configured,11,11,True,,4332.133646296959,2.52619639999466,2.463262599965674,0.05506690000765957,164,152,24,1,1.0,393.83033148154175,False,{},3376.1336462969584,138.0,760.0,58.0
line_biased_94110,94110,line,biased,completion,12,12,True,,3784.876777098507,1.3933150000011665,1.3428172999992967,0.043877200019778684,142,130,22,0,1.0,315.40639809154226,False,{},2956.876777098507,118.0,650.0,60.0
line_biased_94110,94110,line,biased,configured,12,12,True,,3782.8429271286436,1.4013832000055118,1.3508543000061763,0.043590500004938804,140,128,20,0,1.0,315.23691059405365,False,{},2965.842927128644,117.0,640.0,60.0
line_biased_94110,94110,line,biased,committed_base,12,12,True,,3978.3686088068685,0.2810472000055597,0.22456229997624177,0.04957349995675031,156,144,22,0,1.0,331.53071740057237,False,{},3069.3686088068685,129.0,720.0,60.0
line_hashed_94111,94111,line,hashed,configured,13,13,True,,3472.1526270142576,3.065578200003074,2.994196500039834,0.06270389999554027,166,147,24,6,1.0,267.08866361648137,False,{},2518.1526270142576,136.0,735.0,83.0
line_hashed_94111,94111,line,hashed,committed_base,13,13,True,,3217.620470120428,0.26960849999886705,0.2175232000008691,0.04406619996734662,148,135,29,0,1.0,247.5092669323406,False,{},2362.620470120428,115.0,675.0,65.0
line_hashed_94111,94111,line,hashed,completion,13,13,True,,3411.356344851516,3.102980800002115,3.0384407000019564,0.056515700031013694,158,141,25,4,1.0,262.4120265270397,False,{},2502.3563448515165,127.0,705.0,77.0
